{
  "commonConf": {
    "huskarUrl": "soa-zk.alpha.elenet.me:8020",
    "huskarToken": "eyJhbGciOiJIUzI1NiIsImV4cCI6SW5maW5pdHksImlhdCI6MTQ3OTEwOTQ3MH0.eyJ1c2VybmFtZSI6InB0cy50aW1lbGluZV9zZXJ2aWNlIn0.7kh0FsH4SeYYU56IsHR_guHCHMF2Z-Z87Z1rnwITv3A",
    "traceUrl": "",
    "metricUrl": ""
  },
  "serverConf": {
    "name": "pts.sample_service",
    "protocol": "json",
    "group": "local",
    "port": 8092,
    "threadPoolSize": 24,
    "bufferQueueSize": 1000,
    "initializer": "me.ele.pts.sample.impl.soa.ServiceInitializer",
    "interfaces": [
      "me.ele.pts.sample.api.SampleApi"
    ]
  },
  "clientConfs": [
    {
      "name": "pts.timeline_service",
      "protocol": "json",
      "group": "alpha-stable",
      "threadPoolSize": 24,
      "timeoutInMillis": 3000,
      "interfaces": [
        "me.ele.pts.timeline.api.TimeLineSearchService"
      ]
    }
  ]
}