<assembly
        xmlns="http://maven.apache.org/plugins/maven-assembly-plugin/assembly/1.1.0"
        xmlns:xsi="http://www.w3.org/2001/XMLSchema-instance"
        xsi:schemaLocation="http://maven.apache.org/plugins/maven-assembly-plugin/assembly/1.1.0 http://maven.apache.org/xsd/assembly-1.1.0.xsd">
    <id>package</id>
    <formats>
        <format>zip</format>
    </formats>
    <includeBaseDirectory>false</includeBaseDirectory>

    <!--依赖配置-->
    <dependencySets>
        <dependencySet>
            <useProjectArtifact>true</useProjectArtifact>
            <fileMode>0444</fileMode>
            <outputDirectory>/lib</outputDirectory>
        </dependencySet>
    </dependencySets>
</assembly>